Gliederung;FKS;DQR_Niveau;gueltigVon;gueltigBis
A01;10100;4;;
A01;10104;4;;
A01;10300;4;;
A01;10501;4;;
A01;10502;4;;
A01;10503;4;;
A01;10504;4;;
A01;10505;4;;
A01;10600;4;;
A01;10700;3;;
A01;10750;3;;
A01;10751;3;;
A01;10752;3;;
A01;10753;3;;
A01;10754;3;;
A01;10755;3;;
A01;10800;4;;
A01;11000;4;;
A01;11300;4;;
A01;11400;4;;
A01;11500;4;;
A01;11600;4;;
A01;11700;4;;
A01;11800;4;;
A01;12201;3;;
A01;12202;3;;
A01;12500;4;;
A01;12600;4;;
A01;12700;4;;
A01;12900;4;;
A01;13000;4;;
A01;13100;4;;
A01;13200;4;;
A01;13400;4;;
A01;13401;4;;
A01;13402;4;;
A01;13500;4;;
A01;13600;4;;
A01;13700;4;;
A01;13900;4;;
A01;14000;4;;
A01;14100;4;;
A01;14200;4;;
A01;14400;4;;
A01;14501;4;;
A01;14502;4;;
A01;14700;4;;
A01;14800;3;;
A01;15000;4;;
A01;15100;4;;
A01;15201;4;;
A01;15202;4;;
A01;15500;4;;
A01;15600;4;;
A01;15700;4;;
A01;15900;3;;
A01;16000;3;;
A01;16101;4;;
A01;16102;4;;
A01;16300;4;;
A01;16700;4;;
A01;16800;4;;
A01;16900;4;;
A01;17000;4;;
A01;17100;4;;
A01;17101;4;;
A01;17102;4;;
A01;17200;4;;
A01;17701;4;;
A01;17702;4;;
A01;17703;4;;
A01;17704;4;;
A01;17705;4;;
A01;17706;4;;
A01;17707;4;;
A01;17708;4;;
A01;17709;4;;
A01;18000;4;;
A01;18100;4;;
A01;18200;4;;
A01;18301;4;;
A01;18302;4;;
A01;18303;4;;
A01;18304;4;;
A01;18305;4;;
A01;18400;4;;
A01;18701;4;;
A01;18702;4;;
A01;18900;4;;
A01;19000;4;;
A01;19101;4;;
A01;19102;4;;
A01;19103;4;;
A01;19104;4;;
A01;19300;4;;
A01;19400;4;;
A01;19500;3;;
A01;20000;4;;
A01;20100;3;;
A01;20300;4;;
A01;20700;4;;
A01;20800;4;;
A01;20900;4;;
A01;21000;4;;
A01;21100;4;;
A01;21200;4;;
A01;21300;4;;
A01;21400;4;;
A01;21600;4;;
A01;21700;4;;
A01;21900;4;;
A01;22001;4;;
A01;22002;4;;
A01;22003;4;;
A01;22200;4;;
A01;22300;4;;
A01;22500;3;;
A01;22600;4;;
A01;22700;3;;
A01;22800;4;;
A01;23201;4;;
A01;23203;4;;
A01;23204;4;;
A01;23205;4;;
A01;23206;4;;
A01;23207;4;;
A01;23208;4;;
A01;23400;4;;
A01;23500;4;;
A01;23700;4;;
A01;23801;4;;
A01;23802;4;;
A01;23803;4;;
A01;24000;4;;
A01;24101;4;;
A01;24102;4;;
A01;24103;4;;
A01;24201;4;;
A01;24202;4;;
A01;24400;4;;
A01;24700;4;;
A01;24801;4;;
A01;24802;4;;
A01;24803;4;;
A01;24900;4;;
A01;25001;4;;
A01;25002;4;;
A01;25003;4;;
A01;25100;4;;
A01;25600;4;;
A01;25700;4;;
A01;26000;3;;
A01;26050;3;;
A01;26051;3;;
A01;26052;3;;
A01;26200;4;;
A01;26300;4;;
A01;26400;4;;
A01;26510;4;;
A01;26511;4;;
A01;26600;4;;
A01;26700;4;;
A01;26800;4;;
A01;26900;4;;
A01;27203;4;;
A01;27204;4;;
A01;27205;4;;
A01;27206;4;;
A01;27400;4;;
A01;27500;4;;
A01;27600;4;;
A01;27700;4;;
A01;27900;4;;
A01;28000;4;;
A01;28300;3;;
A01;28600;4;;
A01;28700;3;;
A01;29000;4;;
A01;29300;4;;
A01;29400;4;;
A01;29600;4;;
A01;29700;4;;
A01;29800;4;;
A01;29901;4;;
A01;29902;4;;
A01;30200;4;;
A01;30501;4;;
A01;30502;4;;
A01;30700;4;;
A01;30800;4;;
A01;31000;4;;
A01;31100;4;;
A01;32000;4;;
A01;32200;4;;
A01;32400;4;;
A01;32500;4;;
A01;32600;4;;
A01;32800;4;;
A01;32905;4;;
A01;32906;4;;
A01;32907;4;;
A01;33000;4;;
A01;33400;4;;
A01;33500;4;;
A01;33600;4;;
A01;33705;4;;
A01;33706;4;;
A01;33707;4;;
A01;33801;4;;
A01;33802;4;;
A01;33803;4;;
A01;33903;4;;
A01;33905;4;;
A01;33906;4;;
A01;34001;4;;
A01;34002;4;;
A01;34003;4;;
A01;34100;4;;
A01;34300;3;;
A01;34400;4;;
A01;34500;4;;
A01;35000;3;;
A01;35100;4;;
A01;35200;4;;
A01;35701;4;;
A01;35702;4;;
A01;35703;4;;
A01;35800;4;;
A01;35901;4;;
A01;35902;4;;
A01;36100;4;;
A01;36200;4;;
A01;36500;4;;
A01;36600;4;;
A01;36700;4;;
A01;36806;4;;
A01;36807;4;;
A01;36808;4;;
A01;36809;4;;
A01;36810;4;;
A01;37000;4;;
A01;37100;4;;
A01;37200;4;;
A01;37300;3;;
A01;37400;4;;
A01;37600;4;;
A01;38000;4;;
A01;38100;4;;
A01;38300;4;;
A01;38800;4;;
A01;38900;4;;
A01;39000;3;;
A01;39100;4;;
A01;39301;4;;
A01;39302;4;;
A01;39303;4;;
A01;39601;4;;
A01;39602;4;;
A01;39800;4;;
A01;40000;3;;
A01;40300;4;;
A01;40400;4;;
A01;40700;4;;
A01;40800;4;;
A01;41200;4;;
A01;41300;4;;
A01;41500;4;;
A01;41601;4;;
A01;41602;4;;
A01;41603;4;;
A01;41604;4;;
A01;41605;4;;
A01;41800;4;;
A01;41900;4;;
A01;42300;4;;
A01;42500;4;;
A01;42700;4;;
A01;42800;4;;
A01;42900;4;;
A01;43100;4;;
A01;43200;4;;
A01;43400;4;;
A01;43800;4;;
A01;43901;4;;
A01;43902;4;;
A01;43904;4;;
A01;43905;4;;
A01;43907;4;;
A01;44000;3;;
A01;44200;4;;
A01;44600;4;;
A01;44901;4;;
A01;44902;4;;
A01;45000;3;;
A01;45050;3;;
A01;45051;3;;
A01;45052;3;;
A01;45053;3;;
A01;45201;4;;
A01;45202;4;;
A01;45203;4;;
A01;45301;4;;
A01;45302;4;;
A01;45303;4;;
A01;45304;4;;
A01;45305;4;;
A01;45400;4;;
A01;45500;4;;
A01;45600;4;;
A01;45903;4;;
A01;46000;4;;
A01;46100;4;;
A01;46101;4;;
A01;46102;4;;
A01;46103;4;;
A01;46104;4;;
A01;46105;4;;
A01;46106;4;;
A01;46107;4;;
A01;46200;4;;
A01;46300;3;;
A01;46501;4;;
A01;46502;4;;
A01;46801;4;;
A01;46802;4;;
A01;46803;4;;
A01;46804;4;;
A01;46805;4;;
A01;46806;4;;
A01;46807;4;;
A01;46808;4;;
A01;46809;4;;
A01;47001;4;;
A01;47002;4;;
A01;47200;4;;
A01;47700;4;;
A01;48000;4;;
A01;48001;4;;
A01;48002;4;;
A01;48003;4;;
A01;48004;4;;
A01;48200;4;;
A01;48300;4;;
A01;48500;4;;
A01;48700;4;;
A01;48800;4;;
A01;49100;4;;
A01;49101;4;;
A01;49102;4;;
A01;49201;4;;
A01;49202;4;;
A01;49301;4;;
A01;49302;4;;
A01;49400;4;;
A01;49500;4;;
A01;49600;4;;
A01;49800;4;;
A01;49900;4;;
A01;50000;4;;
A01;50100;4;;
A01;50200;4;;
A01;50300;4;;
A01;50400;4;;
A01;50500;4;;
A01;50600;4;;
A01;50700;4;;
A01;50800;4;;
A01;50900;4;;
A01;51000;4;;
A01;51100;4;;
A01;51200;4;;
A01;51300;4;;
A01;51400;4;;
A01;51500;4;;
A01;51600;4;;
A01;51700;4;;
A01;51801;4;;
A01;51802;4;;
A01;51803;4;;
A01;51804;4;;
A01;51901;4;;
A01;51902;4;;
A01;51903;4;;
A01;51904;4;;
A01;51905;4;;
A01;51906;4;;
A01;52000;4;;
A01;52101;4;;
A01;52102;4;;
A01;52103;4;;
A01;52104;4;;
A01;52200;4;;
A01;52300;4;;
A01;52400;4;;
A01;52500;3;;
A01;52600;4;;
A01;52700;4;;
A01;52800;3;;
A01;52900;3;;
A01;53000;4;;
A01;53150;3;;
A01;53151;3;;
A01;53152;3;;
A01;53153;3;;
A01;53154;3;;
A01;53200;4;;
A01;53301;4;;
A01;53302;4;;
A01;53400;4;;
A01;53500;4;;
A01;53600;3;;
A01;53700;4;;
A01;53800;3;;
A01;53900;4;;
A01;54000;3;;
A01;54100;4;;
A01;54200;4;;
A01;54300;4;;
A01;54400;4;;
A01;54500;4;;
A01;54600;3;;
A01;54700;4;;
A01;54800;4;;
A01;54900;3;;
A01;55001;4;;
A01;55002;4;;
A01;55100;4;;
A01;55200;4;;
A01;55350;4;;
A01;55351;4;;
A01;55352;4;;
A01;55400;4;;
A01;55500;4;;
A01;55601;4;;
A01;55602;4;;
A01;55700;4;;
A01;55800;3;;
A01;55900;4;;
A01;56000;4;;
A01;56100;4;;
A01;56200;4;;
A01;56300;4;;
A01;56400;4;;
A01;56500;4;;
A01;56600;4;;
A01;56700;3;;
A01;56801;3;;
A01;56802;3;;
A01;56901;4;;
A01;56902;4;;
A01;57000;4;;
A01;57100;4;;
A01;57200;4;;
A01;57300;4;;
A01;57400;3;;
A01;57500;4;;
A01;57600;4;;
A01;57700;3;;
A01;57800;3;;
A01;57900;4;;
A01;58000;4;;
A01;58100;4;;
A01;58200;4;;
A01;58300;4;;
A01;58400;4;;
A01;58501;4;;
A01;58502;4;;
A01;58601;3;;
A01;58602;3;;
A01;58701;4;;
A01;58702;4;;
A01;58703;4;;
A01;58800;4;;
A01;58900;4;;
A01;59000;3;;
A01;59100;4;;
A01;59200;4;;
A01;59300;4;;
A01;59400;4;;
A01;59500;3;;
A01;59600;4;;
A01;59701;4;;
A01;59702;4;;
A01;59703;4;;
A01;59704;4;;
A01;59705;4;;
A01;59706;4;;
A01;59801;4;;
A01;59802;4;;
A01;59803;4;;
A01;59900;4;;
A01;60000;4;;
A01;60101;3;;
A01;60102;3;;
A01;60103;3;;
A01;60104;3;;
A01;60200;4;;
A01;60300;4;;
A01;60400;4;;
A01;60500;4;;
A01;60600;4;;
A01;60700;4;;
A01;60800;4;;
A01;60900;4;;
A01;61000;4;;
A01;61101;4;;
A01;61102;4;;
A01;80100;4;;
A01;80200;4;;
A01;80300;4;;
A01;80400;4;;
A01;80500;3;;
A01;80800;4;;
A01;80900;4;;
A01;81000;4;;
A01;81100;3;;
A01;81300;4;;
A01;81400;4;;
A01;81500;3;;
A01;81600;3;;
A01;81700;3;;
A01;81800;4;;
A01;81900;4;;
A01;82200;4;;
A01;82300;3;;
A01;82400;3;;
A01;82500;4;;
A01;82600;3;;
A01;82700;4;;
A01;82800;4;;
A01;83000;4;;
A01;83100;3;;
A01;83200;3;;
A01;83300;3;;
A01;83400;3;;
A01;83500;4;;
A01;83600;4;;
A01;83700;4;;
A01;83800;4;;
A01;83900;3;;
A01;84000;4;;
A01;84200;4;;
A01;84300;3;;
A01;84400;3;;
A01;84701;3;;
A01;84702;3;;
A01;84800;3;;
A01;84900;3;;
A01;85100;4;;
A01;85201;4;;
A01;85202;4;;
A01;85300;3;;
A01;85401;3;;
A01;85402;3;;
A01;85403;3;;
A01;85404;3;;
A01;85500;4;;
A01;85600;4;;
A01;85700;3;;
A01;85900;4;;
A01;86100;4;;
A01;86200;4;;
A01;86300;4;;
A01;86400;4;;
A01;86500;3;;
A01;86600;4;;
A01;86700;4;;
A01;86800;4;;
A01;86900;4;;
A01;87000;3;;
A01;87100;4;;
A01;87200;4;;
A01;87300;4;;
A01;87400;4;;
A01;87500;4;;
A01;87600;4;;
A01;87700;3;;
A01;87800;4;;
A01;87900;4;;
A01;88000;3;;
A01;88100;4;;
A01;88200;4;;
A01;88300;4;;
A01;88400;4;;
A01;88500;4;;
A01;88600;4;;
A01;88700;4;;
A01;88800;3;;
A01;88900;3;;
A01;89000;3;;
A01;89100;4;;
A01;99901;4;;
A01;99902;4;;
A01;99903;4;;
A01;99904;4;;
A01;99905;4;;
A01;99906;4;;
A01;99907;4;;
A01;99908;4;;
A01;99909;4;;
A01;99910;4;;
A01;99911;4;;
A01;99912;4;;
A01;99913;4;;
A02;10100;4;;
A02;10104;4;;
A02;10300;4;;
A02;10501;4;;
A02;10502;4;;
A02;10503;4;;
A02;10504;4;;
A02;10505;4;;
A02;10600;4;;
A02;10700;3;;
A02;10750;3;;
A02;10751;3;;
A02;10752;3;;
A02;10753;3;;
A02;10754;3;;
A02;10755;3;;
A02;10800;4;;
A02;11000;4;;
A02;11300;4;;
A02;11400;4;;
A02;11500;4;;
A02;11600;4;;
A02;11700;4;;
A02;11800;4;;
A02;12201;3;;
A02;12202;3;;
A02;12500;4;;
A02;12600;4;;
A02;12700;4;;
A02;12900;4;;
A02;13000;4;;
A02;13100;4;;
A02;13200;4;;
A02;13400;4;;
A02;13401;4;;
A02;13402;4;;
A02;13500;4;;
A02;13600;4;;
A02;13700;4;;
A02;13900;4;;
A02;14000;4;;
A02;14100;4;;
A02;14200;4;;
A02;14400;4;;
A02;14501;4;;
A02;14502;4;;
A02;14700;4;;
A02;14800;3;;
A02;15000;4;;
A02;15100;4;;
A02;15201;4;;
A02;15202;4;;
A02;15500;4;;
A02;15600;4;;
A02;15700;4;;
A02;15900;3;;
A02;16000;3;;
A02;16101;4;;
A02;16102;4;;
A02;16300;4;;
A02;16700;4;;
A02;16800;4;;
A02;16900;4;;
A02;17000;4;;
A02;17100;4;;
A02;17101;4;;
A02;17102;4;;
A02;17200;4;;
A02;17701;4;;
A02;17702;4;;
A02;17703;4;;
A02;17704;4;;
A02;17705;4;;
A02;17706;4;;
A02;17707;4;;
A02;17708;4;;
A02;17709;4;;
A02;18000;4;;
A02;18100;4;;
A02;18200;4;;
A02;18301;4;;
A02;18302;4;;
A02;18303;4;;
A02;18304;4;;
A02;18305;4;;
A02;18400;4;;
A02;18701;4;;
A02;18702;4;;
A02;18900;4;;
A02;19000;4;;
A02;19101;4;;
A02;19102;4;;
A02;19103;4;;
A02;19104;4;;
A02;19300;4;;
A02;19400;4;;
A02;19500;3;;
A02;20000;4;;
A02;20100;3;;
A02;20300;4;;
A02;20700;4;;
A02;20800;4;;
A02;20900;4;;
A02;21000;4;;
A02;21100;4;;
A02;21200;4;;
A02;21300;4;;
A02;21400;4;;
A02;21600;4;;
A02;21700;4;;
A02;21900;4;;
A02;22001;4;;
A02;22002;4;;
A02;22003;4;;
A02;22200;4;;
A02;22300;4;;
A02;22500;3;;
A02;22600;4;;
A02;22700;3;;
A02;22800;4;;
A02;23201;4;;
A02;23203;4;;
A02;23204;4;;
A02;23205;4;;
A02;23206;4;;
A02;23207;4;;
A02;23208;4;;
A02;23400;4;;
A02;23500;4;;
A02;23700;4;;
A02;23801;4;;
A02;23802;4;;
A02;23803;4;;
A02;24000;4;;
A02;24101;4;;
A02;24102;4;;
A02;24103;4;;
A02;24201;4;;
A02;24202;4;;
A02;24400;4;;
A02;24700;4;;
A02;24801;4;;
A02;24802;4;;
A02;24803;4;;
A02;24900;4;;
A02;25001;4;;
A02;25002;4;;
A02;25003;4;;
A02;25100;4;;
A02;25600;4;;
A02;25700;4;;
A02;26000;3;;
A02;26050;3;;
A02;26051;3;;
A02;26052;3;;
A02;26200;4;;
A02;26300;4;;
A02;26400;4;;
A02;26510;4;;
A02;26511;4;;
A02;26600;4;;
A02;26700;4;;
A02;26800;4;;
A02;26900;4;;
A02;27203;4;;
A02;27204;4;;
A02;27205;4;;
A02;27206;4;;
A02;27400;4;;
A02;27500;4;;
A02;27600;4;;
A02;27700;4;;
A02;27900;4;;
A02;28000;4;;
A02;28300;3;;
A02;28600;4;;
A02;28700;3;;
A02;29000;4;;
A02;29300;4;;
A02;29400;4;;
A02;29600;4;;
A02;29700;4;;
A02;29800;4;;
A02;29901;4;;
A02;29902;4;;
A02;30200;4;;
A02;30501;4;;
A02;30502;4;;
A02;30700;4;;
A02;30800;4;;
A02;31000;4;;
A02;31100;4;;
A02;32000;4;;
A02;32200;4;;
A02;32400;4;;
A02;32500;4;;
A02;32600;4;;
A02;32800;4;;
A02;32905;4;;
A02;32906;4;;
A02;32907;4;;
A02;33000;4;;
A02;33400;4;;
A02;33500;4;;
A02;33600;4;;
A02;33705;4;;
A02;33706;4;;
A02;33707;4;;
A02;33801;4;;
A02;33802;4;;
A02;33803;4;;
A02;33903;4;;
A02;33905;4;;
A02;33906;4;;
A02;34001;4;;
A02;34002;4;;
A02;34003;4;;
A02;34100;4;;
A02;34300;3;;
A02;34400;4;;
A02;34500;4;;
A02;35000;3;;
A02;35100;4;;
A02;35200;4;;
A02;35701;4;;
A02;35702;4;;
A02;35703;4;;
A02;35800;4;;
A02;35901;4;;
A02;35902;4;;
A02;36100;4;;
A02;36200;4;;
A02;36500;4;;
A02;36600;4;;
A02;36700;4;;
A02;36806;4;;
A02;36807;4;;
A02;36808;4;;
A02;36809;4;;
A02;36810;4;;
A02;37000;4;;
A02;37100;4;;
A02;37200;4;;
A02;37300;3;;
A02;37400;4;;
A02;37600;4;;
A02;38000;4;;
A02;38100;4;;
A02;38300;4;;
A02;38800;4;;
A02;38900;4;;
A02;39000;3;;
A02;39100;4;;
A02;39301;4;;
A02;39302;4;;
A02;39303;4;;
A02;39601;4;;
A02;39602;4;;
A02;39800;4;;
A02;40000;3;;
A02;40300;4;;
A02;40400;4;;
A02;40700;4;;
A02;40800;4;;
A02;41200;4;;
A02;41300;4;;
A02;41500;4;;
A02;41601;4;;
A02;41602;4;;
A02;41603;4;;
A02;41604;4;;
A02;41605;4;;
A02;41800;4;;
A02;41900;4;;
A02;42300;4;;
A02;42500;4;;
A02;42700;4;;
A02;42800;4;;
A02;42900;4;;
A02;43100;4;;
A02;43200;4;;
A02;43400;4;;
A02;43800;4;;
A02;43901;4;;
A02;43902;4;;
A02;43904;4;;
A02;43905;4;;
A02;43907;4;;
A02;44000;3;;
A02;44200;4;;
A02;44600;4;;
A02;44901;4;;
A02;44902;4;;
A02;45000;3;;
A02;45050;3;;
A02;45051;3;;
A02;45052;3;;
A02;45053;3;;
A02;45201;4;;
A02;45202;4;;
A02;45203;4;;
A02;45301;4;;
A02;45302;4;;
A02;45303;4;;
A02;45304;4;;
A02;45305;4;;
A02;45400;4;;
A02;45500;4;;
A02;45600;4;;
A02;45903;4;;
A02;46000;4;;
A02;46100;4;;
A02;46101;4;;
A02;46102;4;;
A02;46103;4;;
A02;46104;4;;
A02;46105;4;;
A02;46106;4;;
A02;46107;4;;
A02;46200;4;;
A02;46300;3;;
A02;46501;4;;
A02;46502;4;;
A02;46801;4;;
A02;46802;4;;
A02;46803;4;;
A02;46804;4;;
A02;46805;4;;
A02;46806;4;;
A02;46807;4;;
A02;46808;4;;
A02;46809;4;;
A02;47001;4;;
A02;47002;4;;
A02;47200;4;;
A02;47700;4;;
A02;48000;4;;
A02;48001;4;;
A02;48002;4;;
A02;48003;4;;
A02;48004;4;;
A02;48200;4;;
A02;48300;4;;
A02;48500;4;;
A02;48700;4;;
A02;48800;4;;
A02;49100;4;;
A02;49101;4;;
A02;49102;4;;
A02;49201;4;;
A02;49202;4;;
A02;49301;4;;
A02;49302;4;;
A02;49400;4;;
A02;49500;4;;
A02;49600;4;;
A02;49800;4;;
A02;49900;4;;
A02;50000;4;;
A02;50100;4;;
A02;50200;4;;
A02;50300;4;;
A02;50400;4;;
A02;50500;4;;
A02;50600;4;;
A02;50700;4;;
A02;50800;4;;
A02;50900;4;;
A02;51000;4;;
A02;51100;4;;
A02;51200;4;;
A02;51300;4;;
A02;51400;4;;
A02;51500;4;;
A02;51600;4;;
A02;51700;4;;
A02;51801;4;;
A02;51802;4;;
A02;51803;4;;
A02;51804;4;;
A02;51901;4;;
A02;51902;4;;
A02;51903;4;;
A02;51904;4;;
A02;51905;4;;
A02;51906;4;;
A02;52000;4;;
A02;52101;4;;
A02;52102;4;;
A02;52103;4;;
A02;52104;4;;
A02;52200;4;;
A02;52300;4;;
A02;52400;4;;
A02;52500;3;;
A02;52600;4;;
A02;52700;4;;
A02;52800;3;;
A02;52900;3;;
A02;53000;4;;
A02;53150;3;;
A02;53151;3;;
A02;53152;3;;
A02;53153;3;;
A02;53154;3;;
A02;53200;4;;
A02;53301;4;;
A02;53302;4;;
A02;53400;4;;
A02;53500;4;;
A02;53600;3;;
A02;53700;4;;
A02;53800;3;;
A02;53900;4;;
A02;54000;3;;
A02;54100;4;;
A02;54200;4;;
A02;54300;4;;
A02;54400;4;;
A02;54500;4;;
A02;54600;3;;
A02;54700;4;;
A02;54800;4;;
A02;54900;3;;
A02;55001;4;;
A02;55002;4;;
A02;55100;4;;
A02;55200;4;;
A02;55350;4;;
A02;55351;4;;
A02;55352;4;;
A02;55400;4;;
A02;55500;4;;
A02;55601;4;;
A02;55602;4;;
A02;55700;4;;
A02;55800;3;;
A02;55900;4;;
A02;56000;4;;
A02;56100;4;;
A02;56200;4;;
A02;56300;4;;
A02;56400;4;;
A02;56500;4;;
A02;56600;4;;
A02;56700;3;;
A02;56801;3;;
A02;56802;3;;
A02;56901;4;;
A02;56902;4;;
A02;57000;4;;
A02;57100;4;;
A02;57200;4;;
A02;57300;4;;
A02;57400;3;;
A02;57500;4;;
A02;57600;4;;
A02;57700;3;;
A02;57800;3;;
A02;57900;4;;
A02;58000;4;;
A02;58100;4;;
A02;58200;4;;
A02;58300;4;;
A02;58400;4;;
A02;58501;4;;
A02;58502;4;;
A02;58601;3;;
A02;58602;3;;
A02;58701;4;;
A02;58702;4;;
A02;58703;4;;
A02;58800;4;;
A02;58900;4;;
A02;59000;3;;
A02;59100;4;;
A02;59200;4;;
A02;59300;4;;
A02;59400;4;;
A02;59500;3;;
A02;59600;4;;
A02;59701;4;;
A02;59702;4;;
A02;59703;4;;
A02;59704;4;;
A02;59705;4;;
A02;59706;4;;
A02;59801;4;;
A02;59802;4;;
A02;59803;4;;
A02;59900;4;;
A02;60000;4;;
A02;60101;3;;
A02;60102;3;;
A02;60103;3;;
A02;60104;3;;
A02;60200;4;;
A02;60300;4;;
A02;60400;4;;
A02;60500;4;;
A02;60600;4;;
A02;60700;4;;
A02;60800;4;;
A02;60900;4;;
A02;61000;4;;
A02;61101;4;;
A02;61102;4;;
A02;80100;4;;
A02;80200;4;;
A02;80300;4;;
A02;80400;4;;
A02;80500;3;;
A02;80800;4;;
A02;80900;4;;
A02;81000;4;;
A02;81100;3;;
A02;81300;4;;
A02;81400;4;;
A02;81500;3;;
A02;81600;3;;
A02;81700;3;;
A02;81800;4;;
A02;81900;4;;
A02;82200;4;;
A02;82300;3;;
A02;82400;3;;
A02;82500;4;;
A02;82600;3;;
A02;82700;4;;
A02;82800;4;;
A02;83000;4;;
A02;83100;3;;
A02;83200;3;;
A02;83300;3;;
A02;83400;3;;
A02;83500;4;;
A02;83600;4;;
A02;83700;4;;
A02;83800;4;;
A02;83900;3;;
A02;84000;4;;
A02;84200;4;;
A02;84300;3;;
A02;84400;3;;
A02;84701;3;;
A02;84702;3;;
A02;84800;3;;
A02;84900;3;;
A02;85100;4;;
A02;85201;4;;
A02;85202;4;;
A02;85300;3;;
A02;85401;3;;
A02;85402;3;;
A02;85403;3;;
A02;85404;3;;
A02;85500;4;;
A02;85600;4;;
A02;85700;3;;
A02;85900;4;;
A02;86100;4;;
A02;86200;4;;
A02;86300;4;;
A02;86400;4;;
A02;86500;3;;
A02;86600;4;;
A02;86700;4;;
A02;86800;4;;
A02;86900;4;;
A02;87000;3;;
A02;87100;4;;
A02;87200;4;;
A02;87300;4;;
A02;87400;4;;
A02;87500;4;;
A02;87600;4;;
A02;87700;3;;
A02;87800;4;;
A02;87900;4;;
A02;88000;3;;
A02;88100;4;;
A02;88200;4;;
A02;88300;4;;
A02;88400;4;;
A02;88500;4;;
A02;88600;4;;
A02;88700;4;;
A02;88800;3;;
A02;88900;3;;
A02;89000;3;;
A02;89100;4;;
A02;99901;4;;
A02;99902;4;;
A02;99903;4;;
A02;99904;4;;
A02;99905;4;;
A02;99906;4;;
A02;99907;4;;
A02;99908;4;;
A02;99909;4;;
A02;99910;4;;
A02;99911;4;;
A02;99912;4;;
A02;99913;4;;
A03;10100;4;;
A03;10104;4;;
A03;10300;4;;
A03;10501;4;;
A03;10502;4;;
A03;10503;4;;
A03;10504;4;;
A03;10505;4;;
A03;10600;4;;
A03;10700;3;;
A03;10750;3;;
A03;10751;3;;
A03;10752;3;;
A03;10753;3;;
A03;10754;3;;
A03;10755;3;;
A03;10800;4;;
A03;11000;4;;
A03;11300;4;;
A03;11400;4;;
A03;11500;4;;
A03;11600;4;;
A03;11700;4;;
A03;11800;4;;
A03;12201;3;;
A03;12202;3;;
A03;12500;4;;
A03;12600;4;;
A03;12700;4;;
A03;12900;4;;
A03;13000;4;;
A03;13100;4;;
A03;13200;4;;
A03;13400;4;;
A03;13401;4;;
A03;13402;4;;
A03;13500;4;;
A03;13600;4;;
A03;13700;4;;
A03;13900;4;;
A03;14000;4;;
A03;14100;4;;
A03;14200;4;;
A03;14400;4;;
A03;14501;4;;
A03;14502;4;;
A03;14700;4;;
A03;14800;3;;
A03;15000;4;;
A03;15100;4;;
A03;15201;4;;
A03;15202;4;;
A03;15500;4;;
A03;15600;4;;
A03;15700;4;;
A03;15900;3;;
A03;16000;3;;
A03;16101;4;;
A03;16102;4;;
A03;16300;4;;
A03;16700;4;;
A03;16800;4;;
A03;16900;4;;
A03;17000;4;;
A03;17100;4;;
A03;17101;4;;
A03;17102;4;;
A03;17200;4;;
A03;17701;4;;
A03;17702;4;;
A03;17703;4;;
A03;17704;4;;
A03;17705;4;;
A03;17706;4;;
A03;17707;4;;
A03;17708;4;;
A03;17709;4;;
A03;18000;4;;
A03;18100;4;;
A03;18200;4;;
A03;18301;4;;
A03;18302;4;;
A03;18303;4;;
A03;18304;4;;
A03;18305;4;;
A03;18400;4;;
A03;18701;4;;
A03;18702;4;;
A03;18900;4;;
A03;19000;4;;
A03;19101;4;;
A03;19102;4;;
A03;19103;4;;
A03;19104;4;;
A03;19300;4;;
A03;19400;4;;
A03;19500;3;;
A03;20000;4;;
A03;20100;3;;
A03;20300;4;;
A03;20700;4;;
A03;20800;4;;
A03;20900;4;;
A03;21000;4;;
A03;21100;4;;
A03;21200;4;;
A03;21300;4;;
A03;21400;4;;
A03;21600;4;;
A03;21700;4;;
A03;21900;4;;
A03;22001;4;;
A03;22002;4;;
A03;22003;4;;
A03;22200;4;;
A03;22300;4;;
A03;22500;3;;
A03;22600;4;;
A03;22700;3;;
A03;22800;4;;
A03;23201;4;;
A03;23203;4;;
A03;23204;4;;
A03;23205;4;;
A03;23206;4;;
A03;23207;4;;
A03;23208;4;;
A03;23400;4;;
A03;23500;4;;
A03;23700;4;;
A03;23801;4;;
A03;23802;4;;
A03;23803;4;;
A03;24000;4;;
A03;24101;4;;
A03;24102;4;;
A03;24103;4;;
A03;24201;4;;
A03;24202;4;;
A03;24400;4;;
A03;24700;4;;
A03;24801;4;;
A03;24802;4;;
A03;24803;4;;
A03;24900;4;;
A03;25001;4;;
A03;25002;4;;
A03;25003;4;;
A03;25100;4;;
A03;25600;4;;
A03;25700;4;;
A03;26000;3;;
A03;26050;3;;
A03;26051;3;;
A03;26052;3;;
A03;26200;4;;
A03;26300;4;;
A03;26400;4;;
A03;26510;4;;
A03;26511;4;;
A03;26600;4;;
A03;26700;4;;
A03;26800;4;;
A03;26900;4;;
A03;27203;4;;
A03;27204;4;;
A03;27205;4;;
A03;27206;4;;
A03;27400;4;;
A03;27500;4;;
A03;27600;4;;
A03;27700;4;;
A03;27900;4;;
A03;28000;4;;
A03;28300;3;;
A03;28600;4;;
A03;28700;3;;
A03;29000;4;;
A03;29300;4;;
A03;29400;4;;
A03;29600;4;;
A03;29700;4;;
A03;29800;4;;
A03;29901;4;;
A03;29902;4;;
A03;30200;4;;
A03;30501;4;;
A03;30502;4;;
A03;30700;4;;
A03;30800;4;;
A03;31000;4;;
A03;31100;4;;
A03;32000;4;;
A03;32200;4;;
A03;32400;4;;
A03;32500;4;;
A03;32600;4;;
A03;32800;4;;
A03;32905;4;;
A03;32906;4;;
A03;32907;4;;
A03;33000;4;;
A03;33400;4;;
A03;33500;4;;
A03;33600;4;;
A03;33705;4;;
A03;33706;4;;
A03;33707;4;;
A03;33801;4;;
A03;33802;4;;
A03;33803;4;;
A03;33903;4;;
A03;33905;4;;
A03;33906;4;;
A03;34001;4;;
A03;34002;4;;
A03;34003;4;;
A03;34100;4;;
A03;34300;3;;
A03;34400;4;;
A03;34500;4;;
A03;35000;3;;
A03;35100;4;;
A03;35200;4;;
A03;35701;4;;
A03;35702;4;;
A03;35703;4;;
A03;35800;4;;
A03;35901;4;;
A03;35902;4;;
A03;36100;4;;
A03;36200;4;;
A03;36500;4;;
A03;36600;4;;
A03;36700;4;;
A03;36806;4;;
A03;36807;4;;
A03;36808;4;;
A03;36809;4;;
A03;36810;4;;
A03;37000;4;;
A03;37100;4;;
A03;37200;4;;
A03;37300;3;;
A03;37400;4;;
A03;37600;4;;
A03;38000;4;;
A03;38100;4;;
A03;38300;4;;
A03;38800;4;;
A03;38900;4;;
A03;39000;3;;
A03;39100;4;;
A03;39301;4;;
A03;39302;4;;
A03;39303;4;;
A03;39601;4;;
A03;39602;4;;
A03;39800;4;;
A03;40000;3;;
A03;40300;4;;
A03;40400;4;;
A03;40700;4;;
A03;40800;4;;
A03;41200;4;;
A03;41300;4;;
A03;41500;4;;
A03;41601;4;;
A03;41602;4;;
A03;41603;4;;
A03;41604;4;;
A03;41605;4;;
A03;41800;4;;
A03;41900;4;;
A03;42300;4;;
A03;42500;4;;
A03;42700;4;;
A03;42800;4;;
A03;42900;4;;
A03;43100;4;;
A03;43200;4;;
A03;43400;4;;
A03;43800;4;;
A03;43901;4;;
A03;43902;4;;
A03;43904;4;;
A03;43905;4;;
A03;43907;4;;
A03;44000;3;;
A03;44200;4;;
A03;44600;4;;
A03;44901;4;;
A03;44902;4;;
A03;45000;3;;
A03;45050;3;;
A03;45051;3;;
A03;45052;3;;
A03;45053;3;;
A03;45201;4;;
A03;45202;4;;
A03;45203;4;;
A03;45301;4;;
A03;45302;4;;
A03;45303;4;;
A03;45304;4;;
A03;45305;4;;
A03;45400;4;;
A03;45500;4;;
A03;45600;4;;
A03;45903;4;;
A03;46000;4;;
A03;46100;4;;
A03;46101;4;;
A03;46102;4;;
A03;46103;4;;
A03;46104;4;;
A03;46105;4;;
A03;46106;4;;
A03;46107;4;;
A03;46200;4;;
A03;46300;3;;
A03;46501;4;;
A03;46502;4;;
A03;46801;4;;
A03;46802;4;;
A03;46803;4;;
A03;46804;4;;
A03;46805;4;;
A03;46806;4;;
A03;46807;4;;
A03;46808;4;;
A03;46809;4;;
A03;47001;4;;
A03;47002;4;;
A03;47200;4;;
A03;47700;4;;
A03;48000;4;;
A03;48001;4;;
A03;48002;4;;
A03;48003;4;;
A03;48004;4;;
A03;48200;4;;
A03;48300;4;;
A03;48500;4;;
A03;48700;4;;
A03;48800;4;;
A03;49100;4;;
A03;49101;4;;
A03;49102;4;;
A03;49201;4;;
A03;49202;4;;
A03;49301;4;;
A03;49302;4;;
A03;49400;4;;
A03;49500;4;;
A03;49600;4;;
A03;49800;4;;
A03;49900;4;;
A03;50000;4;;
A03;50100;4;;
A03;50200;4;;
A03;50300;4;;
A03;50400;4;;
A03;50500;4;;
A03;50600;4;;
A03;50700;4;;
A03;50800;4;;
A03;50900;4;;
A03;51000;4;;
A03;51100;4;;
A03;51200;4;;
A03;51300;4;;
A03;51400;4;;
A03;51500;4;;
A03;51600;4;;
A03;51700;4;;
A03;51801;4;;
A03;51802;4;;
A03;51803;4;;
A03;51804;4;;
A03;51901;4;;
A03;51902;4;;
A03;51903;4;;
A03;51904;4;;
A03;51905;4;;
A03;51906;4;;
A03;52000;4;;
A03;52101;4;;
A03;52102;4;;
A03;52103;4;;
A03;52104;4;;
A03;52200;4;;
A03;52300;4;;
A03;52400;4;;
A03;52500;3;;
A03;52600;4;;
A03;52700;4;;
A03;52800;3;;
A03;52900;3;;
A03;53000;4;;
A03;53150;3;;
A03;53151;3;;
A03;53152;3;;
A03;53153;3;;
A03;53154;3;;
A03;53200;4;;
A03;53301;4;;
A03;53302;4;;
A03;53400;4;;
A03;53500;4;;
A03;53600;3;;
A03;53700;4;;
A03;53800;3;;
A03;53900;4;;
A03;54000;3;;
A03;54100;4;;
A03;54200;4;;
A03;54300;4;;
A03;54400;4;;
A03;54500;4;;
A03;54600;3;;
A03;54700;4;;
A03;54800;4;;
A03;54900;3;;
A03;55001;4;;
A03;55002;4;;
A03;55100;4;;
A03;55200;4;;
A03;55350;4;;
A03;55351;4;;
A03;55352;4;;
A03;55400;4;;
A03;55500;4;;
A03;55601;4;;
A03;55602;4;;
A03;55700;4;;
A03;55800;3;;
A03;55900;4;;
A03;56000;4;;
A03;56100;4;;
A03;56200;4;;
A03;56300;4;;
A03;56400;4;;
A03;56500;4;;
A03;56600;4;;
A03;56700;3;;
A03;56801;3;;
A03;56802;3;;
A03;56901;4;;
A03;56902;4;;
A03;57000;4;;
A03;57100;4;;
A03;57200;4;;
A03;57300;4;;
A03;57400;3;;
A03;57500;4;;
A03;57600;4;;
A03;57700;3;;
A03;57800;3;;
A03;57900;4;;
A03;58000;4;;
A03;58100;4;;
A03;58200;4;;
A03;58300;4;;
A03;58400;4;;
A03;58501;4;;
A03;58502;4;;
A03;58601;3;;
A03;58602;3;;
A03;58701;4;;
A03;58702;4;;
A03;58703;4;;
A03;58800;4;;
A03;58900;4;;
A03;59000;3;;
A03;59100;4;;
A03;59200;4;;
A03;59300;4;;
A03;59400;4;;
A03;59500;3;;
A03;59600;4;;
A03;59701;4;;
A03;59702;4;;
A03;59703;4;;
A03;59704;4;;
A03;59705;4;;
A03;59706;4;;
A03;59801;4;;
A03;59802;4;;
A03;59803;4;;
A03;59900;4;;
A03;60000;4;;
A03;60101;3;;
A03;60102;3;;
A03;60103;3;;
A03;60104;3;;
A03;60200;4;;
A03;60300;4;;
A03;60400;4;;
A03;60500;4;;
A03;60600;4;;
A03;60700;4;;
A03;60800;4;;
A03;60900;4;;
A03;61000;4;;
A03;61101;4;;
A03;61102;4;;
A03;80100;4;;
A03;80200;4;;
A03;80300;4;;
A03;80400;4;;
A03;80500;3;;
A03;80800;4;;
A03;80900;4;;
A03;81000;4;;
A03;81100;3;;
A03;81300;4;;
A03;81400;4;;
A03;81500;3;;
A03;81600;3;;
A03;81700;3;;
A03;81800;4;;
A03;81900;4;;
A03;82200;4;;
A03;82300;3;;
A03;82400;3;;
A03;82500;4;;
A03;82600;3;;
A03;82700;4;;
A03;82800;4;;
A03;83000;4;;
A03;83100;3;;
A03;83200;3;;
A03;83300;3;;
A03;83400;3;;
A03;83500;4;;
A03;83600;4;;
A03;83700;4;;
A03;83800;4;;
A03;83900;3;;
A03;84000;4;;
A03;84200;4;;
A03;84300;3;;
A03;84400;3;;
A03;84701;3;;
A03;84702;3;;
A03;84800;3;;
A03;84900;3;;
A03;85100;4;;
A03;85201;4;;
A03;85202;4;;
A03;85300;3;;
A03;85401;3;;
A03;85402;3;;
A03;85403;3;;
A03;85404;3;;
A03;85500;4;;
A03;85600;4;;
A03;85700;3;;
A03;85900;4;;
A03;86100;4;;
A03;86200;4;;
A03;86300;4;;
A03;86400;4;;
A03;86500;3;;
A03;86600;4;;
A03;86700;4;;
A03;86800;4;;
A03;86900;4;;
A03;87000;3;;
A03;87100;4;;
A03;87200;4;;
A03;87300;4;;
A03;87400;4;;
A03;87500;4;;
A03;87600;4;;
A03;87700;3;;
A03;87800;4;;
A03;87900;4;;
A03;88000;3;;
A03;88100;4;;
A03;88200;4;;
A03;88300;4;;
A03;88400;4;;
A03;88500;4;;
A03;88600;4;;
A03;88700;4;;
A03;88800;3;;
A03;88900;3;;
A03;89000;3;;
A03;89100;4;;
A03;99901;4;;
A03;99902;4;;
A03;99903;4;;
A03;99904;4;;
A03;99905;4;;
A03;99906;4;;
A03;99907;4;;
A03;99908;4;;
A03;99909;4;;
A03;99910;4;;
A03;99911;4;;
A03;99912;4;;
A03;99913;4;;
A04;10100;4;;
A04;10104;4;;
A04;10300;4;;
A04;10501;4;;
A04;10502;4;;
A04;10503;4;;
A04;10504;4;;
A04;10505;4;;
A04;10600;4;;
A04;10700;3;;
A04;10750;3;;
A04;10751;3;;
A04;10752;3;;
A04;10753;3;;
A04;10754;3;;
A04;10755;3;;
A04;10800;4;;
A04;11000;4;;
A04;11300;4;;
A04;11400;4;;
A04;11500;4;;
A04;11600;4;;
A04;11700;4;;
A04;11800;4;;
A04;12201;3;;
A04;12202;3;;
A04;12500;4;;
A04;12600;4;;
A04;12700;4;;
A04;12900;4;;
A04;13000;4;;
A04;13100;4;;
A04;13200;4;;
A04;13400;4;;
A04;13401;4;;
A04;13402;4;;
A04;13500;4;;
A04;13600;4;;
A04;13700;4;;
A04;13900;4;;
A04;14000;4;;
A04;14100;4;;
A04;14200;4;;
A04;14400;4;;
A04;14501;4;;
A04;14502;4;;
A04;14700;4;;
A04;14800;3;;
A04;15000;4;;
A04;15100;4;;
A04;15201;4;;
A04;15202;4;;
A04;15500;4;;
A04;15600;4;;
A04;15700;4;;
A04;15900;3;;
A04;16000;3;;
A04;16101;4;;
A04;16102;4;;
A04;16300;4;;
A04;16700;4;;
A04;16800;4;;
A04;16900;4;;
A04;17000;4;;
A04;17100;4;;
A04;17101;4;;
A04;17102;4;;
A04;17200;4;;
A04;17701;4;;
A04;17702;4;;
A04;17703;4;;
A04;17704;4;;
A04;17705;4;;
A04;17706;4;;
A04;17707;4;;
A04;17708;4;;
A04;17709;4;;
A04;18000;4;;
A04;18100;4;;
A04;18200;4;;
A04;18301;4;;
A04;18302;4;;
A04;18303;4;;
A04;18304;4;;
A04;18305;4;;
A04;18400;4;;
A04;18701;4;;
A04;18702;4;;
A04;18900;4;;
A04;19000;4;;
A04;19101;4;;
A04;19102;4;;
A04;19103;4;;
A04;19104;4;;
A04;19300;4;;
A04;19400;4;;
A04;19500;3;;
A04;20000;4;;
A04;20100;3;;
A04;20300;4;;
A04;20700;4;;
A04;20800;4;;
A04;20900;4;;
A04;21000;4;;
A04;21100;4;;
A04;21200;4;;
A04;21300;4;;
A04;21400;4;;
A04;21600;4;;
A04;21700;4;;
A04;21900;4;;
A04;22001;4;;
A04;22002;4;;
A04;22003;4;;
A04;22200;4;;
A04;22300;4;;
A04;22500;3;;
A04;22600;4;;
A04;22700;3;;
A04;22800;4;;
A04;23201;4;;
A04;23203;4;;
A04;23204;4;;
A04;23205;4;;
A04;23206;4;;
A04;23207;4;;
A04;23208;4;;
A04;23400;4;;
A04;23500;4;;
A04;23700;4;;
A04;23801;4;;
A04;23802;4;;
A04;23803;4;;
A04;24000;4;;
A04;24101;4;;
A04;24102;4;;
A04;24103;4;;
A04;24201;4;;
A04;24202;4;;
A04;24400;4;;
A04;24700;4;;
A04;24801;4;;
A04;24802;4;;
A04;24803;4;;
A04;24900;4;;
A04;25001;4;;
A04;25002;4;;
A04;25003;4;;
A04;25100;4;;
A04;25600;4;;
A04;25700;4;;
A04;26000;3;;
A04;26050;3;;
A04;26051;3;;
A04;26052;3;;
A04;26200;4;;
A04;26300;4;;
A04;26400;4;;
A04;26510;4;;
A04;26511;4;;
A04;26600;4;;
A04;26700;4;;
A04;26800;4;;
A04;26900;4;;
A04;27203;4;;
A04;27204;4;;
A04;27205;4;;
A04;27206;4;;
A04;27400;4;;
A04;27500;4;;
A04;27600;4;;
A04;27700;4;;
A04;27900;4;;
A04;28000;4;;
A04;28300;3;;
A04;28600;4;;
A04;28700;3;;
A04;29000;4;;
A04;29300;4;;
A04;29400;4;;
A04;29600;4;;
A04;29700;4;;
A04;29800;4;;
A04;29901;4;;
A04;29902;4;;
A04;30200;4;;
A04;30501;4;;
A04;30502;4;;
A04;30700;4;;
A04;30800;4;;
A04;31000;4;;
A04;31100;4;;
A04;32000;4;;
A04;32200;4;;
A04;32400;4;;
A04;32500;4;;
A04;32600;4;;
A04;32800;4;;
A04;32905;4;;
A04;32906;4;;
A04;32907;4;;
A04;33000;4;;
A04;33400;4;;
A04;33500;4;;
A04;33600;4;;
A04;33705;4;;
A04;33706;4;;
A04;33707;4;;
A04;33801;4;;
A04;33802;4;;
A04;33803;4;;
A04;33903;4;;
A04;33905;4;;
A04;33906;4;;
A04;34001;4;;
A04;34002;4;;
A04;34003;4;;
A04;34100;4;;
A04;34300;3;;
A04;34400;4;;
A04;34500;4;;
A04;35000;3;;
A04;35100;4;;
A04;35200;4;;
A04;35701;4;;
A04;35702;4;;
A04;35703;4;;
A04;35800;4;;
A04;35901;4;;
A04;35902;4;;
A04;36100;4;;
A04;36200;4;;
A04;36500;4;;
A04;36600;4;;
A04;36700;4;;
A04;36806;4;;
A04;36807;4;;
A04;36808;4;;
A04;36809;4;;
A04;36810;4;;
A04;37000;4;;
A04;37100;4;;
A04;37200;4;;
A04;37300;3;;
A04;37400;4;;
A04;37600;4;;
A04;38000;4;;
A04;38100;4;;
A04;38300;4;;
A04;38800;4;;
A04;38900;4;;
A04;39000;3;;
A04;39100;4;;
A04;39301;4;;
A04;39302;4;;
A04;39303;4;;
A04;39601;4;;
A04;39602;4;;
A04;39800;4;;
A04;40000;3;;
A04;40300;4;;
A04;40400;4;;
A04;40700;4;;
A04;40800;4;;
A04;41200;4;;
A04;41300;4;;
A04;41500;4;;
A04;41601;4;;
A04;41602;4;;
A04;41603;4;;
A04;41604;4;;
A04;41605;4;;
A04;41800;4;;
A04;41900;4;;
A04;42300;4;;
A04;42500;4;;
A04;42700;4;;
A04;42800;4;;
A04;42900;4;;
A04;43100;4;;
A04;43200;4;;
A04;43400;4;;
A04;43800;4;;
A04;43901;4;;
A04;43902;4;;
A04;43904;4;;
A04;43905;4;;
A04;43907;4;;
A04;44000;3;;
A04;44200;4;;
A04;44600;4;;
A04;44901;4;;
A04;44902;4;;
A04;45000;3;;
A04;45050;3;;
A04;45051;3;;
A04;45052;3;;
A04;45053;3;;
A04;45201;4;;
A04;45202;4;;
A04;45203;4;;
A04;45301;4;;
A04;45302;4;;
A04;45303;4;;
A04;45304;4;;
A04;45305;4;;
A04;45400;4;;
A04;45500;4;;
A04;45600;4;;
A04;45903;4;;
A04;46000;4;;
A04;46100;4;;
A04;46101;4;;
A04;46102;4;;
A04;46103;4;;
A04;46104;4;;
A04;46105;4;;
A04;46106;4;;
A04;46107;4;;
A04;46200;4;;
A04;46300;3;;
A04;46501;4;;
A04;46502;4;;
A04;46801;4;;
A04;46802;4;;
A04;46803;4;;
A04;46804;4;;
A04;46805;4;;
A04;46806;4;;
A04;46807;4;;
A04;46808;4;;
A04;46809;4;;
A04;47001;4;;
A04;47002;4;;
A04;47200;4;;
A04;47700;4;;
A04;48000;4;;
A04;48001;4;;
A04;48002;4;;
A04;48003;4;;
A04;48004;4;;
A04;48200;4;;
A04;48300;4;;
A04;48500;4;;
A04;48700;4;;
A04;48800;4;;
A04;49100;4;;
A04;49101;4;;
A04;49102;4;;
A04;49201;4;;
A04;49202;4;;
A04;49301;4;;
A04;49302;4;;
A04;49400;4;;
A04;49500;4;;
A04;49600;4;;
A04;49800;4;;
A04;49900;4;;
A04;50000;4;;
A04;50100;4;;
A04;50200;4;;
A04;50300;4;;
A04;50400;4;;
A04;50500;4;;
A04;50600;4;;
A04;50700;4;;
A04;50800;4;;
A04;50900;4;;
A04;51000;4;;
A04;51100;4;;
A04;51200;4;;
A04;51300;4;;
A04;51400;4;;
A04;51500;4;;
A04;51600;4;;
A04;51700;4;;
A04;51801;4;;
A04;51802;4;;
A04;51803;4;;
A04;51804;4;;
A04;51901;4;;
A04;51902;4;;
A04;51903;4;;
A04;51904;4;;
A04;51905;4;;
A04;51906;4;;
A04;52000;4;;
A04;52101;4;;
A04;52102;4;;
A04;52103;4;;
A04;52104;4;;
A04;52200;4;;
A04;52300;4;;
A04;52400;4;;
A04;52500;3;;
A04;52600;4;;
A04;52700;4;;
A04;52800;3;;
A04;52900;3;;
A04;53000;4;;
A04;53150;3;;
A04;53151;3;;
A04;53152;3;;
A04;53153;3;;
A04;53154;3;;
A04;53200;4;;
A04;53301;4;;
A04;53302;4;;
A04;53400;4;;
A04;53500;4;;
A04;53600;3;;
A04;53700;4;;
A04;53800;3;;
A04;53900;4;;
A04;54000;3;;
A04;54100;4;;
A04;54200;4;;
A04;54300;4;;
A04;54400;4;;
A04;54500;4;;
A04;54600;3;;
A04;54700;4;;
A04;54800;4;;
A04;54900;3;;
A04;55001;4;;
A04;55002;4;;
A04;55100;4;;
A04;55200;4;;
A04;55350;4;;
A04;55351;4;;
A04;55352;4;;
A04;55400;4;;
A04;55500;4;;
A04;55601;4;;
A04;55602;4;;
A04;55700;4;;
A04;55800;3;;
A04;55900;4;;
A04;56000;4;;
A04;56100;4;;
A04;56200;4;;
A04;56300;4;;
A04;56400;4;;
A04;56500;4;;
A04;56600;4;;
A04;56700;3;;
A04;56801;3;;
A04;56802;3;;
A04;56901;4;;
A04;56902;4;;
A04;57000;4;;
A04;57100;4;;
A04;57200;4;;
A04;57300;4;;
A04;57400;3;;
A04;57500;4;;
A04;57600;4;;
A04;57700;3;;
A04;57800;3;;
A04;57900;4;;
A04;58000;4;;
A04;58100;4;;
A04;58200;4;;
A04;58300;4;;
A04;58400;4;;
A04;58501;4;;
A04;58502;4;;
A04;58601;3;;
A04;58602;3;;
A04;58701;4;;
A04;58702;4;;
A04;58703;4;;
A04;58800;4;;
A04;58900;4;;
A04;59000;3;;
A04;59100;4;;
A04;59200;4;;
A04;59300;4;;
A04;59400;4;;
A04;59500;3;;
A04;59600;4;;
A04;59701;4;;
A04;59702;4;;
A04;59703;4;;
A04;59704;4;;
A04;59705;4;;
A04;59706;4;;
A04;59801;4;;
A04;59802;4;;
A04;59803;4;;
A04;59900;4;;
A04;60000;4;;
A04;60101;3;;
A04;60102;3;;
A04;60103;3;;
A04;60104;3;;
A04;60200;4;;
A04;60300;4;;
A04;60400;4;;
A04;60500;4;;
A04;60600;4;;
A04;60700;4;;
A04;60800;4;;
A04;60900;4;;
A04;61000;4;;
A04;61101;4;;
A04;61102;4;;
A04;80100;4;;
A04;80200;4;;
A04;80300;4;;
A04;80400;4;;
A04;80500;3;;
A04;80800;4;;
A04;80900;4;;
A04;81000;4;;
A04;81100;3;;
A04;81300;4;;
A04;81400;4;;
A04;81500;3;;
A04;81600;3;;
A04;81700;3;;
A04;81800;4;;
A04;81900;4;;
A04;82200;4;;
A04;82300;3;;
A04;82400;3;;
A04;82500;4;;
A04;82600;3;;
A04;82700;4;;
A04;82800;4;;
A04;83000;4;;
A04;83100;3;;
A04;83200;3;;
A04;83300;3;;
A04;83400;3;;
A04;83500;4;;
A04;83600;4;;
A04;83700;4;;
A04;83800;4;;
A04;83900;3;;
A04;84000;4;;
A04;84200;4;;
A04;84300;3;;
A04;84400;3;;
A04;84701;3;;
A04;84702;3;;
A04;84800;3;;
A04;84900;3;;
A04;85100;4;;
A04;85201;4;;
A04;85202;4;;
A04;85300;3;;
A04;85401;3;;
A04;85402;3;;
A04;85403;3;;
A04;85404;3;;
A04;85500;4;;
A04;85600;4;;
A04;85700;3;;
A04;85900;4;;
A04;86100;4;;
A04;86200;4;;
A04;86300;4;;
A04;86400;4;;
A04;86500;3;;
A04;86600;4;;
A04;86700;4;;
A04;86800;4;;
A04;86900;4;;
A04;87000;3;;
A04;87100;4;;
A04;87200;4;;
A04;87300;4;;
A04;87400;4;;
A04;87500;4;;
A04;87600;4;;
A04;87700;3;;
A04;87800;4;;
A04;87900;4;;
A04;88000;3;;
A04;88100;4;;
A04;88200;4;;
A04;88300;4;;
A04;88400;4;;
A04;88500;4;;
A04;88600;4;;
A04;88700;4;;
A04;88800;3;;
A04;88900;3;;
A04;89000;3;;
A04;89100;4;;
A04;99901;4;;
A04;99902;4;;
A04;99903;4;;
A04;99904;4;;
A04;99905;4;;
A04;99906;4;;
A04;99907;4;;
A04;99908;4;;
A04;99909;4;;
A04;99910;4;;
A04;99911;4;;
A04;99912;4;;
A04;99913;4;;
B01;12100;4;;
B01;13400;4;;
B01;14600;4;;
B01;14700;4;;
B04;10400;4;;
B04;10501;4;;
B04;10502;4;;
B04;10604;4;;
B04;10605;4;;
B04;10606;4;;
B04;10700;4;;
B04;10900;4;;
B04;11201;4;;
B04;11202;4;;
B04;11203;4;;
B04;11204;4;;
B04;11205;4;;
B04;11206;4;;
B04;11207;4;;
B04;11300;4;;
B04;11400;4;;
B04;11700;4;;
B04;11800;4;;
B04;11900;4;;
B04;12100;4;;
B04;12200;4;;
B04;12300;3;;
B04;12400;4;;
B04;12500;4;;
B04;12600;4;;
B04;12700;4;;
B04;12800;3;;
B04;12900;4;;
B04;13000;4;;
B04;13100;3;;
B04;13200;4;;
B04;13300;4;;
B04;13400;3;;
B04;13500;4;;
B04;13600;4;;
B04;13701;4;;
B04;13702;4;;
B04;13703;4;;
B04;13800;4;;
B04;13900;3;;
B04;14000;4;;
B05;10400;4;;
B05;10501;4;;
B05;10502;4;;
B05;10604;4;;
B05;10605;4;;
B05;10606;4;;
B05;10700;4;;
B05;10900;4;;
B05;11201;4;;
B05;11202;4;;
B05;11203;4;;
B05;11204;4;;
B05;11205;4;;
B05;11206;4;;
B05;11207;4;;
B05;11300;4;;
B05;11400;4;;
B05;11700;4;;
B05;11800;4;;
B05;11900;4;;
B05;12100;4;;
B05;12200;4;;
B05;12300;3;;
B05;12400;4;;
B05;12500;4;;
B05;12600;4;;
B05;12700;4;;
B05;12800;3;;
B05;12900;4;;
B05;13000;4;;
B05;13100;3;;
B05;13200;4;;
B05;13300;4;;
B05;13400;3;;
B05;13500;4;;
B05;13600;4;;
B05;13701;4;;
B05;13702;4;;
B05;13703;4;;
B05;13800;4;;
B05;13900;3;;
B05;14000;4;;
C01;10100;4;;
C01;10200;4;;
C01;10201;4;;
C01;10202;4;;
C01;10300;4;;
C01;10400;4;;
C01;10500;4;;
C01;10600;4;;
C01;10700;4;;
C01;10800;4;;
C01;10900;4;;
C01;11000;6;;
C01;11100;4;;
C01;11200;4;;
C01;11301;4;;
C01;11302;4;;
C01;11303;4;;
C01;11304;4;;
C01;11305;4;;
C01;11400;4;;
C01;11500;4;;
C01;11600;4;;
C01;11701;4;;
C01;11702;4;;
C01;11703;4;;
C01;11704;4;;
C01;11800;4;;
C01;11900;4;;
C01;12000;4;;
C01;12100;4;;
C01;12200;4;;
C01;12300;4;;
C01;12400;4;;
C01;12401;4;;
C01;12501;4;;
C01;12502;4;;
C01;12503;4;;
C01;12600;4;;
C01;12700;4;;
C01;12800;4;;
C01;12900;4;;
C01;13000;4;;
C01;13100;4;;
C01;13101;4;;
C01;13102;4;;
C01;13103;4;;
C01;13104;4;;
C01;13200;4;;
C01;99900;4;;
C01;99901;4;;
C02;10100;4;;
C02;10200;4;;
C02;10201;4;;
C02;10202;4;;
C02;10300;4;;
C02;10400;4;;
C02;10500;4;;
C02;10600;4;;
C02;10700;4;;
C02;10800;6;;
C02;10900;4;;
C02;11001;4;;
C02;11002;4;;
C02;11003;4;;
C02;11004;4;;
C02;11005;4;;
C02;11100;4;;
C02;11200;4;;
C02;11300;4;;
C02;11401;4;;
C02;11402;4;;
C02;11403;4;;
C02;11404;4;;
C02;11405;4;;
C02;11500;4;;
C02;11600;4;;
C02;11701;4;;
C02;11702;4;;
C02;11703;4;;
C02;11704;4;;
C02;11800;4;;
C02;11900;4;;
C02;12000;4;;
C02;12100;4;;
C02;12200;4;;
C02;12300;4;;
C02;12301;4;;
C02;12401;4;;
C02;12402;4;;
C02;12403;4;;
C02;12500;4;;
C02;12600;4;;
C02;12700;4;;
C02;12800;4;;
C02;99900;4;;
C02;99901;4;;
D01;10100;4;;
D01;10200;4;;
D01;10300;4;;
D01;10400;4;;
D01;10500;4;;
D01;10600;6;;
D01;10700;4;;
D01;10800;4;;
D01;10900;4;;
D01;11000;4;;
D01;11100;4;;
D01;11200;4;;
D01;11300;4;;
D01;11400;4;;
D01;11500;4;;
D01;99900;4;;
D01;99901;4;;
E01;10101;6;;
E01;10102;6;;
E01;10103;6;;
E01;10104;6;;
E01;10200;6;;
E01;10300;6;;
E01;10401;6;;
E01;10402;6;;
E01;10500;6;;
E01;10600;6;;
E01;10700;6;;
E01;10800;6;;
E01;10900;6;;
E01;11000;6;;
E01;11001;6;;
E01;11002;6;;
E01;11003;6;;
E01;11101;6;;
E01;11102;6;;
E01;11200;6;;
E01;11300;6;;
E01;11401;6;;
E01;11402;6;;
E01;11403;6;;
E01;11404;6;;
E01;11405;6;;
E01;11406;6;;
E01;11501;6;;
E01;11502;6;;
E01;11503;6;;
E01;11600;6;;
E01;11601;6;;
E01;11602;6;;
E01;11700;6;;
E01;11701;6;;
E01;11702;6;;
E01;11703;6;;
E01;11704;6;;
E01;11705;6;;
E01;11706;6;;
E01;11800;6;;
E01;11901;6;;
E01;11902;6;;
E01;12000;6;;
E01;12100;6;;
E01;12200;6;;
E01;12300;6;;
E01;12301;6;;
E01;12302;6;;
E01;12303;6;;
E01;12304;6;;
E01;12305;6;;
E01;12400;6;;
E01;12500;6;;
E01;12601;6;;
E01;12602;6;;
E01;12700;6;;
E01;12800;6;;
E01;12900;6;;
E01;13000;6;;
E01;13001;6;;
E01;13002;6;;
E01;13003;6;;
E01;13100;6;;
E01;13200;6;;
E01;13300;6;;
E01;13400;6;;
E01;13500;6;;
E01;13600;6;;
E01;13601;6;;
E01;13602;6;;
E01;13603;6;;
E01;13604;6;;
E01;13700;6;;
E01;13701;6;;
E01;13702;6;;
E01;13703;6;;
E01;13704;6;;
E01;13705;6;;
E01;13800;6;;
E01;13900;6;;
E01;14000;6;;
E01;14100;6;;
E01;14200;6;;
E01;14300;6;;
E01;14301;6;;
E01;14302;6;;
E01;14400;6;;
E01;14500;6;;
E01;14600;6;;
E01;14700;6;;
E01;14801;6;;
E01;14802;6;;
E01;14803;6;;
E01;14804;6;;
E01;14805;6;;
E01;14806;6;;
E01;14807;6;;
E01;14808;6;;
E01;14809;6;;
E01;14810;6;;
E01;14811;6;;
E01;14812;6;;
E01;14813;6;;
E01;14814;6;;
E01;14815;6;;
E01;14816;6;;
E01;14817;6;;
E01;14818;6;;
E01;14819;6;;
E01;14900;6;;
E01;15000;6;;
E01;15100;6;;
E01;15200;6;;
E01;15300;6;;
E01;15400;6;;
E01;15401;6;;
E01;15500;6;;
E01;15600;6;;
E01;15700;6;;
E01;15800;6;;
E01;15900;6;;
E01;16000;6;;
E01;16100;6;;
E01;16200;6;;
E01;16300;6;;
E01;16400;6;;
E01;16500;6;;
E01;16600;6;;
E01;16700;6;;
E01;16701;6;;
E01;16702;6;;
E01;16800;6;;
E01;16801;6;;
E01;16802;6;;
E01;16803;6;;
E01;16900;6;;
E01;17000;6;;
E01;17100;6;;
E01;17200;6;;
E01;17301;6;;
E01;17302;6;;
E01;17400;6;;
E01;99900;6;;
E01;99901;6;;
E02;10101;6;;
E02;10102;6;;
E02;10103;6;;
E02;10104;6;;
E02;10200;6;;
E02;10300;6;;
E02;10401;6;;
E02;10402;6;;
E02;10500;6;;
E02;10600;6;;
E02;10700;6;;
E02;10800;6;;
E02;10900;6;;
E02;11000;6;;
E02;11001;6;;
E02;11002;6;;
E02;11003;6;;
E02;11101;6;;
E02;11102;6;;
E02;11200;6;;
E02;11300;6;;
E02;11401;6;;
E02;11402;6;;
E02;11403;6;;
E02;11404;6;;
E02;11405;6;;
E02;11406;6;;
E02;11501;6;;
E02;11502;6;;
E02;11503;6;;
E02;11600;6;;
E02;11601;6;;
E02;11602;6;;
E02;11700;6;;
E02;11701;6;;
E02;11702;6;;
E02;11703;6;;
E02;11704;6;;
E02;11705;6;;
E02;11706;6;;
E02;11800;6;;
E02;11901;6;;
E02;11902;6;;
E02;12000;6;;
E02;12100;6;;
E02;12200;6;;
E02;12300;6;;
E02;12301;6;;
E02;12302;6;;
E02;12303;6;;
E02;12304;6;;
E02;12305;6;;
E02;12400;6;;
E02;12500;6;;
E02;12601;6;;
E02;12602;6;;
E02;12700;6;;
E02;12800;6;;
E02;12900;6;;
E02;13000;6;;
E02;13001;6;;
E02;13002;6;;
E02;13003;6;;
E02;13100;6;;
E02;13200;6;;
E02;13300;6;;
E02;13400;6;;
E02;13500;6;;
E02;13600;6;;
E02;13601;6;;
E02;13602;6;;
E02;13603;6;;
E02;13604;6;;
E02;13700;6;;
E02;13701;6;;
E02;13702;6;;
E02;13703;6;;
E02;13704;6;;
E02;13705;6;;
E02;13800;6;;
E02;13900;6;;
E02;14000;6;;
E02;14100;6;;
E02;14200;6;;
E02;14300;6;;
E02;14301;6;;
E02;14302;6;;
E02;14400;6;;
E02;14500;6;;
E02;14600;6;;
E02;14700;6;;
E02;14801;6;;
E02;14802;6;;
E02;14803;6;;
E02;14804;6;;
E02;14805;6;;
E02;14806;6;;
E02;14807;6;;
E02;14808;6;;
E02;14809;6;;
E02;14810;6;;
E02;14811;6;;
E02;14812;6;;
E02;14813;6;;
E02;14814;6;;
E02;14815;6;;
E02;14816;6;;
E02;14817;6;;
E02;14818;6;;
E02;14819;6;;
E02;14900;6;;
E02;15000;6;;
E02;15100;6;;
E02;15200;6;;
E02;15300;6;;
E02;15400;6;;
E02;15401;6;;
E02;15500;6;;
E02;15600;6;;
E02;15700;6;;
E02;15800;6;;
E02;15900;6;;
E02;16000;6;;
E02;16100;6;;
E02;16200;6;;
E02;16300;6;;
E02;16400;6;;
E02;16500;6;;
E02;16600;6;;
E02;16700;6;;
E02;16701;6;;
E02;16702;6;;
E02;16800;6;;
E02;16801;6;;
E02;16802;6;;
E02;16803;6;;
E02;16900;6;;
E02;17000;6;;
E02;17100;6;;
E02;17200;6;;
E02;17301;6;;
E02;17302;6;;
E02;17400;6;;
E02;99900;6;;
E02;99901;6;;
E03;10111;6;;
E03;10113;6;;
E03;10402;6;;
E04;10111;6;;
E04;10113;6;;
E04;10402;6;;
E05;10100;6;;
E05;10101;6;;
E05;10102;6;;
E05;10105;6;;
E05;10200;6;;
E05;10201;6;;
E05;10202;6;;
E05;10205;6;;
E05;10301;6;;
E05;10302;6;;
E05;99900;6;;
E05;99901;6;;
E07;10100;6;;
E07;10101;6;;
E07;10102;6;;
E07;10105;6;;
E07;10200;6;;
E07;10201;6;;
E07;10202;6;;
E07;10205;6;;
E07;10301;6;;
E07;10302;6;;
E07;99900;6;;
E07;99901;6;;
E13;10101;6;;
E13;10102;6;;
E13;10103;6;;
E13;10104;6;;
E13;10200;6;;
E13;10300;6;;
E13;10401;6;;
E13;10402;6;;
E13;10500;6;;
E13;10600;6;;
E13;10700;6;;
E13;10800;6;;
E13;10900;6;;
E13;11000;6;;
E13;11001;6;;
E13;11002;6;;
E13;11003;6;;
E13;11101;6;;
E13;11102;6;;
E13;11200;6;;
E13;11300;6;;
E13;11401;6;;
E13;11402;6;;
E13;11403;6;;
E13;11404;6;;
E13;11405;6;;
E13;11406;6;;
E13;11501;6;;
E13;11502;6;;
E13;11503;6;;
E13;11600;6;;
E13;11601;6;;
E13;11602;6;;
E13;11700;6;;
E13;11701;6;;
E13;11702;6;;
E13;11703;6;;
E13;11704;6;;
E13;11705;6;;
E13;11706;6;;
E13;11800;6;;
E13;11901;6;;
E13;11902;6;;
E13;12000;6;;
E13;12100;6;;
E13;12200;6;;
E13;12300;6;;
E13;12301;6;;
E13;12302;6;;
E13;12303;6;;
E13;12304;6;;
E13;12305;6;;
E13;12400;6;;
E13;12500;6;;
E13;12601;6;;
E13;12602;6;;
E13;12700;6;;
E13;12800;6;;
E13;12900;6;;
E13;13000;6;;
E13;13001;6;;
E13;13002;6;;
E13;13003;6;;
E13;13100;6;;
E13;13200;6;;
E13;13300;6;;
E13;13400;6;;
E13;13500;6;;
E13;13600;6;;
E13;13601;6;;
E13;13602;6;;
E13;13603;6;;
E13;13604;6;;
E13;13700;6;;
E13;13701;6;;
E13;13702;6;;
E13;13703;6;;
E13;13704;6;;
E13;13705;6;;
E13;13800;6;;
E13;13900;6;;
E13;14000;6;;
E13;14100;6;;
E13;14200;6;;
E13;14300;6;;
E13;14301;6;;
E13;14302;6;;
E13;14400;6;;
E13;14500;6;;
E13;14600;6;;
E13;14700;6;;
E13;14801;6;;
E13;14802;6;;
E13;14803;6;;
E13;14804;6;;
E13;14805;6;;
E13;14806;6;;
E13;14807;6;;
E13;14808;6;;
E13;14809;6;;
E13;14810;6;;
E13;14811;6;;
E13;14812;6;;
E13;14813;6;;
E13;14814;6;;
E13;14815;6;;
E13;14816;6;;
E13;14817;6;;
E13;14818;6;;
E13;14819;6;;
E13;14900;6;;
E13;15000;6;;
E13;15100;6;;
E13;15200;6;;
E13;15300;6;;
E13;15400;6;;
E13;15401;6;;
E13;15500;6;;
E13;15600;6;;
E13;15700;6;;
E13;15800;6;;
E13;15900;6;;
E13;16000;6;;
E13;16100;6;;
E13;16200;6;;
E13;16300;6;;
E13;16400;6;;
E13;16500;6;;
E13;16600;6;;
E13;16700;6;;
E13;16701;6;;
E13;16702;6;;
E13;16800;6;;
E13;16801;6;;
E13;16802;6;;
E13;16803;6;;
E13;16900;6;;
E13;17000;6;;
E13;17100;6;;
E13;17200;6;;
E13;17301;6;;
E13;17302;6;;
E13;17400;6;;
E13;99900;6;;
E13;99901;6;;
